ma_GeV,gtau,gtau_7m
1e-06,0.2906316054840217,1.5259715874984152e+24
0.0423497267759562,0.2905859967987143,474926.66967748967
0.0437158469945355,0.2905830071232201,418286.5741752914
0.0450819672131147,0.2905799225734921,369844.0189809301
0.0464480874316939,0.2888922261001622,328215.60670019605
0.0478142076502732,0.290573468864971,292282.808353836
0.0491803278688524,0.291408687603255,261135.55937969737
0.0505464480874316,0.2914052135942948,234029.01577488365
0.0519125683060109,0.2914016444553009,210350.1454474485
0.0532786885245901,0.2913979801901872,189591.73094456323
0.0546448087431694,0.2897147012186805,171332.00096917164
0.0560109289617486,0.29139036629777937,155218.56853095017
0.0573770491803278,0.29222253437070905,140955.68733830308
0.0587431693989071,0.29221847803621226,128294.08192797126
0.0601092896174863,0.29221432632383176,117022.78671329531
0.0614754098360655,0.292210079238119,106962.5625509935
0.0628415300546448,0.29053119155301826,97960.55916496301
0.064207650273224,0.29220129896542896,89885.96688859994
0.0655737704918032,0.29303042444589045,82626.45810752567
0.0669398907103824,0.29302578270892293,76085.2622203645
0.0683060109289617,0.29302104535091256,70178.75124215244
0.0696721311475409,0.29301621237705244,64834.43889175847
0.0710382513661201,0.2938425231472231,59989.31596095456
0.0724043715846994,0.293837484704613,55588.46032477665
0.0737704918032786,0.2938323503911545,51583.872153858065
0.0751366120218579,0.29382712021247565,47933.4945134969
0.0765027322404371,0.29299061345908767,44600.38713096944
0.0778688524590163,0.29298520690504065,41552.02717657279
0.0792349726775956,0.2929797047744236,38759.71572773082
0.0806010928961748,0.2929741070732649,36198.07246233349
0.081967213114754,0.29296841380769856,33844.604245937924
0.0833333333333333,0.2929626249839628,31679.335800130128
0.0846994535519125,0.2929567406083998,29684.492682521424
0.0860655737704917,0.29295076068745646,27844.228471846815
0.087431693989071,0.2929446852276838,26144.38941735419
0.0887978142076502,0.2929385142357369,24572.310919631684
0.0901639344262295,0.29376326285669424,23116.641131885648
0.0915300546448087,0.2937568827724176,21767.18772397021
0.0928961748633879,0.2937504069056035,20514.784479502938
0.0942622950819672,0.29457245139535265,19351.17491332413
0.0956284153005464,0.29539203823101845,18268.91053137491
0.0969945355191256,0.2953852369568877,17261.261713561813
0.0983606557377049,0.29620226941251115,16322.139503757226
0.0997267759562841,0.29701688108603436,15446.026843227202
0.1010928961748633,0.2970097514560198,14627.917997841803
0.1024590163934426,0.29782184388665395,13863.26510806136
0.1038251366120218,0.2978145004497697,13147.930943137857
0.1051912568306011,0.2978070599554467,12478.147070042074
0.1065573770491803,0.29779952241182905,11850.47675569584
0.1079234972677595,0.29779188782716637,11261.782015119057
0.1092896174863388,0.29778415620981524,10709.19429710177
0.110655737704918,0.297776327568236,10190.088366457616
0.1120218579234972,0.29776840191099585,9702.05900026667
0.1133879781420764,0.2977603792467667,9242.900165285824
0.1147540983606557,0.29693313214629985,8810.586386492876
0.1161202185792349,0.29692493809884407,8403.256053262694
0.1174863387978141,0.2969166473378459,8019.196442309454
0.1188524590163934,0.29690825987237474,7656.830262922904
0.1202185792349726,0.29689977571160453,7314.703554972927
0.1215846994535518,0.2968911948648145,6991.474789867699
0.1229508196721311,0.2968825173413898,6685.905043367386
0.1243169398907103,0.2968737431508189,6396.849124080144
0.1256830601092896,0.297683811437349,6123.247555845805
0.1270491803278688,0.2976748192034077,5864.119323256248
0.128415300546448,0.2984823728341311,5618.555300825916
0.1297814207650273,0.29847316159906884,5385.712294736139
0.1311475409836065,0.29927821721888964,5164.807634386408
0.1325136612021857,0.29926878602993356,4955.114258035369
0.133879781420765,0.2992592574459497,4755.956242838043
0.1352459016393442,0.29924963147735195,4566.70473504551
0.1366120218579234,0.30005195822503833,4386.774240981015
0.1379781420765027,0.30004211086833277,4215.619243623541
0.1393442622950819,0.30003216589469867,4052.731113319227
0.1407103825136612,0.30002212331500033,3897.635284489434
0.1420765027322404,0.3000119831402083,3749.8886731297316
0.1434426229508196,0.3000017453813982,3609.07731251409
0.1448087431693989,0.3008011049368423,3474.8141867507625
0.1461748633879781,0.3007906438846384,3346.737244076828
0.1475409836065573,0.3007800850189833,3224.507573310867
0.1489071038251366,0.30076942835140613,3107.8077288955756
0.1502732240437158,0.30075867389354116,2996.3401910322286
0.151639344262295,0.3007478216571289,2889.8259490277387
0.1530054644808743,0.30154422041313844,2788.003196921135
0.1543715846994535,0.30233830636069103,2690.6261316410964
0.1557377049180328,0.3023271010983083,2597.463844775959
0.157103825136612,0.3031187626014258,2508.2992999521907
0.1584699453551912,0.3031073305586486,2422.9283885147206
0.1598360655737705,0.3038965829267597,2341.1590569350296
0.1612021857923497,0.3022812976270525,2262.8104998973463
0.1625683060109289,0.3046717815204742,2187.7124136636844
0.1639344262295081,0.3046598931844441,2115.7043047288103
0.1653005464480874,0.3046479058892026,2046.634849248327
0.1666666666666666,0.3046358196478212,1980.3612991597033
0.1680327868852458,0.30462363447347773,1916.7489312034168
0.1693989071038251,0.3046113503794573,1855.67053547353
0.1707650273224043,0.3045989673791504,1797.0059403299065
0.1721311475409835,0.304586485486055,1740.6415708559953
0.1734972677595628,0.30457390471377416,1686.4700382225817
0.174863387978142,0.30456122507601846,1634.389757597573
0.1762295081967212,0.3053446530344583,1584.3045923956172
0.1775956284153005,0.3037373095135726,1536.1235228759222
0.1789617486338797,0.3061128002297654,1489.7603372394617
0.180327868852459,0.30609965699231134,1445.133343558661
0.1816939890710382,0.30687835991848783,1402.1651009728184
0.1830601092896174,0.3068649835532665,1360.7821687371288
0.1844262295081967,0.3052657011278656,1320.9148718155072
0.1857923497267759,0.3076277351538623,1282.4970818123327
0.1871584699453551,0.30761402501588037,1245.4660121445645
0.1885245901639344,0.3060187125400308,1209.7620264148854
0.1898907103825136,0.308373979789303,1175.328459070658
0.1912568306010929,0.30835993456826366,1142.1114474586984
0.192622950819672,0.3083457893863769,1110.0597744916658
0.1939890710382513,0.30833154425903236,1079.124721177658
0.1953551912568305,0.30910272200146854,1049.2599283328536
0.1967213114754098,0.30908824022726855,1020.4212668522543
0.198087431693989,0.3090736582999014,992.5667159412335
0.1994535519125683,0.3090589762352236,965.6562487827015
0.2008196721311475,0.30982757729346294,939.6517251291049
0.2021857923497267,0.3098126572776623,914.5167903615122
0.2035519125683059,0.3082290312099456,890.2167805830796
0.2049180327868852,0.3105638100756522,866.7186333493771
0.2062841530054644,0.31054855069205556,843.9908036682798
0.2076502732240437,0.30896878186507865,822.0031849238704
0.2090163934426229,0.3112969479145482,800.7270344041004
0.2103825136612022,0.3112813478928109,780.1349031413187
0.2117486338797813,0.30970540849005873,760.2005697848367
0.2131147540983606,0.3120270000039519,740.8989782529851
0.2144808743169398,0.3127862420304622,722.2061789235204
0.2158469945355191,0.3127701593028904,704.0992731447724
0.2172131147540983,0.31352716316303125,686.5563608551505
0.2185792349726776,0.31196262669949126,669.5564911229595
0.2199453551912568,0.3142656162294561,653.0796154245179
0.2213114754098361,0.31501832412704117,637.1065434944353
0.2226775956284152,0.31500161294077295,621.6189015911957
0.2240437158469945,0.3134445227133413,606.5990930310671
0.2254098360655737,0.31496788506474166,592.0302608562838
0.226775956284153,0.31571810674311146,577.8962525072048
0.2281420765027322,0.31570094660288883,564.181586384335
0.2295081967213115,0.31568368444777123,550.8714201823351
0.2308743169398907,0.3156663202964718,537.9515208966997
0.2322404371584699,0.3141128408959573,525.4082364045152
0.2336065573770491,0.3163964539577056,513.2284685281062
0.2349726775956284,0.31637874109472325,501.39964749490133
0.2363387978142076,0.31712416221843864,489.9097077143454
0.2377049180327869,0.3171062018140212,478.7470647986797
0.2390710382513661,0.3170881390345833,467.90059375242265
0.2404371584699453,0.3178312474418203,457.3596082706599
0.2418032786885245,0.31781293611159334,447.11384107934725
0.2431693989071037,0.31855388894682074,437.15342526085095
0.244535519125683,0.3192928449820268,427.4688765119002
0.2459016393442622,0.3192741371528804,418.0510762805559
0.2472677595628415,0.3200109612984133,408.89125573436627
0.2486338797814207,0.32074581297983734,399.98098051529627
0.25,0.32072670632520506,391.3121362380112
0.2513661202185792,0.3214594492122736,382.8769146919507
0.2527322404371585,0.3221902433857524,374.66780070847017
0.2540983606557376,0.32217073559931614,366.67755965942973
0.2554644808743169,0.32289944350617766,358.89922555141544
0.2568306010928961,0.3228796822691398,351.326089686295
0.2581967213114754,0.32360631467917406,343.9516898571776
0.2595628415300546,0.32209166629044855,336.76980005153945
0.2609289617486339,0.32431086677012094,329.7744206367577
0.2622950819672131,0.32503353107647276,322.95976900103454
0.2636612021857923,0.32501310951832924,316.3202706283698
0.2650273224043715,0.32499258331319925,309.8505505831186
0.2663934426229508,0.32571305253916566,303.5454253861032
0.26775956284153,0.3242084704405242,297.399895259187
0.2691256830601093,0.3264107053261319,291.40913672318425
0.2704918032786885,0.3249094324676448,285.5684955282506
0.2718579234972678,0.3271060772529056,279.87347990219774
0.2732240437158469,0.3270847792400588,274.3197541004063
0.2745901639344262,0.3277991775753354,268.90313224227884
0.2759562841530054,0.3277776207920148,263.6195724203515
0.2773224043715847,0.3277559586155634,258.46517106828776
0.2786885245901639,0.3284681991355992,253.436157575875
0.2800546448087432,0.32844627725554254,248.52888913879093
0.2814207650273224,0.3291565233007759,243.7398458312241
0.2827868852459017,0.3298649397484117,239.0656258917592
0.2841530054644808,0.329842602205413,234.50294121134218
0.2855191256830601,0.3305490439230108,230.048613014349
0.2868852459016393,0.3290671596287878,225.69956772328302
0.2882513661202185,0.3312309210721741,221.45283299883314
0.2896174863387978,0.331933598142061,217.30553394659418
0.290983606557377,0.3326344859438707,213.25488948309427
0.2923497267759563,0.33116201696444747,209.298208853448
0.2937158469945354,0.33331026181231577,205.4328882940127
0.2950819672131147,0.33328682223327266,201.65640783273903
0.2964480874316939,0.333983845816178,197.96632822171276
0.2978142076502732,0.33396014127165774,194.3602879951039
0.2991803278688524,0.3339363296226805,190.83600064760728
0.3005464480874317,0.33463127590534664,187.39125192691438
0.3019125683060109,0.3353244708169917,184.0238972364006
0.3032786885245901,0.3353002342111262,180.73185914190697
0.3046448087431693,0.335991527863166,177.51312497851603
0.3060109289617486,0.3366810887879163,174.36574455308082
0.3073770491803278,0.3373689263140024,171.28782793786968
0.3087431693989071,0.3373441024051035,168.2775433513118
0.3101092896174863,0.3380300651737284,165.33311512266468
0.3114754098360656,0.3387143225806851,162.45282173609658
0.3128415300546447,0.3386890687383249,159.63499395130094
0.314207650273224,0.3372437266134806,156.87801299700425
0.3155737704918032,0.3393459445154145,154.1803088348307
0.3169398907103825,0.3393203120488552,151.54035848943641
0.3183060109289617,0.33929457102142263,148.95668444329814
0.319672131147541,0.33997479656672824,146.42785309252815
0.3210382513661202,0.33853526989565286,143.9524732615655
0.3224043715846995,0.34062716737007476,141.5291947740988
0.3237704918032786,0.340600883539936,139.1567070779715
0.3251366120218579,0.34127743171058417,136.83373792158974
0.3265027322404371,0.3412508754645967,134.5590520802229
0.3278688524590164,0.33981709403854504,132.33145012933852
0.3292349726775956,0.3418987674228014,130.14976726369386
0.3306010928961749,0.3418718288820889,128.0128721601053
0.3319672131147541,0.342544566503439,125.9196658818885
0.3333333333333333,0.3425173540419809,123.86908082370306
0.3346994535519125,0.3431882797140787,121.86007969469725
0.3360655737704918,0.3438575665693953,119.8916545387429
0.337431693989071,0.3438299139822155,117.9628257901418
0.3387978142076502,0.3444974044802328,116.07264136339084
0.3401639344262295,0.3451632723803655,114.2201757755888
0.3415300546448087,0.3458275258149525,112.40452930035698
0.3428961748633879,0.3457992645221788,110.62482715181298
0.3442622950819671,0.34646174460794527,108.8802186975496
0.3456284153005464,0.34712262594546417,107.16987669948863
0.3469945355191256,0.347781916419852,105.4929965813749
0.3483606557377049,0.34637579744517527,103.84879572208338
0.3497267759562841,0.34909575591872577,102.23651277354955
0.3510928961748634,0.34906654581953306,100.65540700243321
0.3524590163934425,0.34972094162313416,99.10475765471088
0.3538251366120218,0.3496914515869626,97.58386334210071
0.355191256830601,0.3496618502387218,96.09204144966752
0.3565573770491803,0.35031434730765293,94.62862756376592
0.3579234972677595,0.34891882859424683,93.19297491939642
0.3592896174863388,0.350935239083488,91.7844538665572
0.360655737704918,0.3509050756635578,90.40245135448805
0.3620218579234973,0.3515541329496811,89.04637043347583
0.3633879781420764,0.3522016509401287,87.71562977334321
0.3647540983606557,0.35217103487576096,86.40966319807782
0.3661202185792349,0.3528168498905504,85.12791923606292
0.3674863387978142,0.35143168108149764,83.86986068521486
0.3688524590163934,0.3534300692608069,82.63496419253705
0.3702185792349727,0.3540726695084717,81.422719847575
0.3715846994535519,0.35471375857461207,80.23263078927332
0.3729508196721312,0.35468223172593355,79.06421282567575
0.3743169398907103,0.3553216441606717,77.91699406603195
0.3756830601092896,0.35528983210757953,76.79051456499907
0.3770491803278688,0.35592757410177445,75.68432597820582
0.3784153005464481,0.3558954762417481,74.59799122909777
0.3797814207650273,0.35653155392361596,73.53108418641975
0.3811475409836066,0.35649916965755335,72.48318935209338
0.3825136612021858,0.35713358909353526,71.45390155903547
0.383879781420765,0.357766530552121,70.44282567863587
0.3852459016393442,0.35773368502135855,69.4495763375007
0.3866120218579235,0.35836498063355626,68.4737776431714
0.3879781420765027,0.35899481126637284,67.51506291845895
0.3893442622950819,0.35896150270993255,66.57307444418348
0.3907103825136612,0.35958969965049814,65.64746320988053
0.3920765027322404,0.3582317656527289,64.73788867236243
0.3934426229508196,0.36018267103394314,63.844018521753725
0.3948087431693988,0.36080779396804674,62.96552845474523
0.3961748633879781,0.3607737305444226,62.10210195492617
0.3975409836065573,0.3613972373519376,61.25343007977073
0.3989071038251366,0.36136288325692534,60.41921125425595
0.4002732240437158,0.36198477953290303,59.5991510707141
0.4016393442622951,0.36063633626865615,58.79296209484071
0.4030054644808742,0.36257042547938956,58.00036367751357
0.4043715846994535,0.36318929497053776,57.221081772383656
0.4057377049180327,0.3631541801093376,56.45484875892012
0.407103825136612,0.3637714559602886,55.7014032707896
0.4084699453551912,0.36242999004023796,54.96049002933931
0.4098360655737705,0.3643517358805713,54.23185968213118
0.4112021857923497,0.3649660193649614,53.51526864617993
0.412568306010929,0.36493013949874326,52.81047895592134
0.4139344262295081,0.3655428457501348,52.117258115620345
0.4153005464480874,0.3661541595026201,51.435378956158175
0.4166666666666666,0.36611780577653313,50.76461949600187
0.4180327868852459,0.3667275531149745,50.104762806274444
0.4193989071038251,0.36733591934847026,49.455596879705915
0.4207650273224044,0.36794291022300424,48.816914503477776
0.4221311475409836,0.3679059005487793,48.188513135659186
0.4234972677595628,0.3685113410651352,47.57019478528268
0.424863387978142,0.36911541730668485,46.96176589585022
0.4262295081967213,0.3697181348659257,46.36303723217011
0.4275956284153005,0.36968046602339966,45.773823770454264
0.4289617486338798,0.3702816488336443,45.19394459153712
0.430327868852459,0.3708814837473543,44.623222777137215
0.4316939890710383,0.3708433348223083,44.06148530904691
0.4330601092896174,0.37080506932218893,43.50856297120065
0.4344262295081967,0.37076668728718415,42.96429025444834
0.4357923497267759,0.3707281887575923,42.42850526406909
0.4371584699453552,0.3706895737738235,41.90104962981935
0.4385245901639344,0.3706508423763974,41.381768418518405
0.4398907103825136,0.37061199460594585,40.87051004905605
0.4412568306010929,0.37057303050321055,40.36712620976098
0.442622950819672,0.3711700603629209,39.87147177805919
0.4439890710382513,0.37113079642785746,39.38340474233084
0.4453551912568305,0.371726303487494,38.902786125927115
0.4467213114754098,0.3716867392023355,38.429479913276204
0.448087431693989,0.37228072817579483,37.96335297798
0.4494535519125683,0.37224086302595455,37.50427501290243
0.4508196721311475,0.37283333858412365,37.052118462119665
0.4521857923497268,0.3715273172246767,36.60675845475664
0.4535519125683059,0.3733841388294939,36.168072740560504
0.4549180327868852,0.3739737867669993,35.73594162724336
0.4562841530054644,0.37267197211946357,35.31024791949668
0.4576502732240437,0.37452128166300214,34.89087685961654
0.4590163934426229,0.37510812156551854,34.47771606974934
0.4603825136612022,0.3738104696927764,34.07065549562935
0.4617486338797814,0.3756523290055607,33.66958735185853
0.4631147540983606,0.37623638011340843,33.27440606858236
0.4644808743169398,0.3761947472850583,32.8850082395994
0.4658469945355191,0.3767773176637916,32.50129257183005
0.4672131147540983,0.3773585988802582,32.12315983611153
0.4685792349726776,0.37731647427935694,31.750512819264607
0.4699453551912568,0.3778962837882959,31.38325627742381
0.4713114754098361,0.37785385377204533,31.021296890572312
0.4726775956284152,0.37781130584200384,30.664543218260295
0.4740437158469945,0.3777686400424792,30.31290565645489
0.4754098360655737,0.3777258564178871,29.96629639552102
0.476775956284153,0.37706125425379455,29.624629379250404
0.4781420765027322,0.3770183059262025,29.2878202649809
0.4795081967213115,0.37697524010117617,28.95578638468889
0.4808743169398907,0.3769320568234928,28.628446707115362
0.48224043715847,0.37751017248111435,28.305721800813206
0.4836065573770491,0.3774666828449557,27.98753379816943
0.4849726775956284,0.37804332767848636,27.673806360292772
0.4863387978142076,0.37799953120895213,27.364464642832395
0.4877049180327869,0.3785747094608842,27.059435262605156
0.4890710382513661,0.3785306056861545,26.75864626510891
0.4904371584699453,0.37848638419677505,26.462027092799747
0.4918032786885246,0.37844204503861034,26.16950855419219
0.4931693989071037,0.37839758825763087,25.88102279371331
0.494535519125683,0.3783530138999145,25.596503262295215
0.4959016393442622,0.37706999357617155,25.31588468872198
0.4972677595628415,0.37826351263911945,25.039103051642506
0.4986338797814207,0.37821858582873197,24.766095552309633
0.5,0.378173541626989,24.49680058794691
0.5013661202185792,0.3781283800805028,24.231157725811702
0.5027322404371585,0.37808310123599165,23.96910767784698
0.5040983606557377,0.37865490996779844,23.710592275974406
0.505464480874317,0.3786093223603368,23.45555444797763
0.5068306010928961,0.3785636174043627,23.203938193973656
0.5081967213114754,0.37851779514709444,22.955688563439725
0.5095628415300546,0.3790877581680009,22.710751632800743
0.5109289617486339,0.3790416265002647,22.469074483564512
0.5122950819672131,0.3789953774828647,22.230605180947055
0.5136612021857924,0.3789490111635177,21.995292753046325
0.5150273224043715,0.37951713063403475,21.76308717048262
0.5163934426229508,0.3794704542650543,21.53393932653378
0.51775956284153,0.37942366054787063,21.30780101774026
0.5191256830601093,0.379376749530698,21.084624924968733
0.5204918032786885,0.37932972126185555,20.86436459491282
0.5218579234972678,0.379282575789767,20.646974422031366
0.523224043715847,0.3792353131629594,20.43240963092211
0.5245901639344263,0.3791879334300653,20.220626259087073
0.5259562841530054,0.3779114530605848,20.011581140110188
0.5273224043715847,0.3790928228410626,19.805231887228377
0.5286885245901639,0.37904509208273685,19.60153687727245
0.5300546448087432,0.3789972444138878,19.40045523498861
0.5314207650273224,0.3789492798836658,19.201946817719396
0.5327868852459017,0.3782875929588676,19.00597220043217
0.5341530054644809,0.37762494858132223,18.812492661095533
0.5355191256830601,0.37696134287516975,18.62147016638729
0.5368852459016393,0.3762967719288206,18.432867357733947
0.5382513661202185,0.37563123179453484,18.246647537660202
0.5396174863387978,0.3749647184879983,18.062774656449008
0.540983606557377,0.3742972279878907,17.881213299115068
0.5423497267759563,0.3742488873779158,17.70192867265384
0.5437158469945355,0.37358038082840833,17.52488659359724
0.5450819672131147,0.3722888525485775,17.350053475831807
0.5464480874316939,0.37348328551986,17.177396318700943
0.5478142076502732,0.3734345657176846,17.00688269537199
0.5491803278688524,0.3733857312166323,16.838480741456205
0.5505464480874317,0.3714716407640374,16.672159143890767
0.5519125683060109,0.372667123178062,16.507887130058798
0.5532786885245902,0.371996478205983,16.34563445715619
0.5546448087431693,0.37132484298549945,16.185371401795898
0.5560109289617486,0.3694021179697283,16.02706874982921
0.5573770491803278,0.37060302181789273,15.870697786404474
0.5587431693989071,0.369929362938781,15.716230286233674
0.5601092896174863,0.36925470165313745,15.56363850408252
0.5614754098360656,0.3692053366106993,15.412895165450042
0.5628415300546448,0.36852963947648604,15.263973457475837
0.5642076502732241,0.3684801325057403,15.116847020022131
0.5655737704918032,0.36780339655505995,14.971489936958188
0.5669398907103825,0.3677537487680456,14.827876727641762
0.5683060109289617,0.36707597099680034,14.685982338564092
0.569672131147541,0.36513590733473567,14.545782135193
0.5710382513661202,0.36445408018638265,14.40725189398225
0.5724043715846995,0.36377121545360996,14.270367794554017
0.5737704918032787,0.36308730847152787,14.135106412044486
0.575136612021858,0.36240235452989467,14.00144470962167
0.5765027322404371,0.3617163488725485,13.869360031150894
0.5778688524590164,0.36102928669683115,13.738830094024234
0.5792349726775956,0.3603411631530002,13.609832982137066
0.5806010928961749,0.36156672675128226,13.48234713901689
0.5819672131147541,0.3608795979895549,13.356351361089782
0.5833333333333334,0.3608294817303296,13.23182479109656
0.5846994535519126,0.3607792555438857,13.10874691164195
0.5860655737704918,0.36009102522512887,12.987097538879539
0.587431693989071,0.36004066854276673,12.866856816327912
0.5887978142076502,0.35807024084496514,12.748005208817851
0.5901639344262295,0.3593008688837382,12.63052349656213
0.5915300546448087,0.35861046846987704,12.514392769348817
0.592896174863388,0.3559894995410933,12.399594420858348
0.5942622950819672,0.3552937374961944,12.286110143090738
0.5956284153005464,0.35459687595349976,12.173921920913262
0.5969945355191256,0.35583809624225515,12.063012026719422
0.5983606557377049,0.35514228500371087,11.953363015193572
0.5997267759562841,0.354445376097735,11.844957718185361
0.6010928961748634,0.3537473642354049,11.73777923968944
0.6024590163934426,0.3510958885867252,11.631810950924827
0.6038251366120219,0.35039231698137696,11.527036485515973
0.605191256830601,0.3496876076708155,11.423439734770888
0.6065573770491803,0.35094417956038715,11.321004843051758
0.6079234972677595,0.3502405716887815,11.21971620324718
0.6092896174863388,0.3495358279810223,11.119558452323101
0.610655737704918,0.3488299427592874,11.020516466975756
0.6120218579234973,0.34614679454859154,10.922575359362511
0.6133879781420765,0.3454351375737678,10.825720472919908
0.6147540983606558,0.3447223018503864,10.729937378270018
0.6161202185792349,0.34599487111023597,10.635211869202232
0.6174863387978142,0.34528319107416705,10.54152995873578
0.6188524590163934,0.3445703341995887,10.448877875264433
0.6202185792349727,0.34385629438180904,10.35724205877287
0.6215846994535519,0.3431410654517816,10.266609157128896
0.6229508196721312,0.34309019018252107,10.176966022448351
0.6243169398907104,0.34303921139658405,10.088299707533562
0.6256830601092896,0.3423227781224255,10.000597462379936
0.6270491803278688,0.3422716917496086,9.913846730747109
0.6284153005464481,0.3422205022139294,9.828035146806371
0.6297814207650273,0.3415028618853512,9.743150531841895
0.6311475409836066,0.34145156626663586,9.659180891025457
0.6325136612021858,0.34073271819252127,9.5761144102486
0.6338797814207651,0.3393426825857055,9.493939453017163
0.6352459016393442,0.33862018172709385,9.41264455740523
0.6366120218579235,0.33722267706597603,9.33221843306962
0.6379781420765027,0.3364964600044725,9.252649958320324
0.6393442622950819,0.3350913529843771,9.173928177245635
0.6407103825136612,0.33436135427674424,9.096042296895638
0.6420765027322404,0.33363008131577715,9.018981684516477
0.6434426229508197,0.33084469629939,8.942735864839474
0.6448087431693988,0.33216368388943185,8.86729451741893
0.6461748633879781,0.33142854485208506,8.792647474024829
0.6475409836065573,0.33069210241511904,8.718784716079806
0.6489071038251366,0.33064103942252393,8.645696372148842
0.6502732240437158,0.32990329325283946,8.573372715473552
0.6516393442622951,0.3291642293014096,8.501804161553492
0.6530054644808743,0.3277331475788231,8.4309812657744
0.6543715846994536,0.32420712921779365,8.360894721077186
0.6557377049180327,0.3255507712304534,8.291535355676235
0.657103825136612,0.3220035295462363,8.222894130812966
0.6584699453551912,0.32405507999134253,8.154962138558592
0.6598360655737705,0.3226046103565814,8.087730599652113
0.6612021857923497,0.3218518889399646,8.02119086138125
0.662568306010929,0.32109775837056437,7.955334395501734
0.6639344262295082,0.3203422099520689,7.890152796194934
0.6653005464480874,0.3195852348855784,7.82563777806305
0.6666666666666666,0.3181175312330723,7.761781174162959
0.6680327868852459,0.31521429290950687,7.698574934071583
0.6693989071038251,0.31444699241696095,7.63601112199238
0.6707650273224044,0.31367818803384195,7.574081914892608
0.6721311475409836,0.3150634031485832,7.512779600675369
0.6734972677595629,0.31429616492887585,7.452096576385552
0.674863387978142,0.31352742503649406,7.392025346448256
0.6762295081967213,0.3127571736696664,7.332558520938156
0.6775956284153005,0.31198540090632787,7.2736888138818285
0.6789617486338798,0.3112120967021446,7.215409041589066
0.680327868852459,0.31043725088849605,7.157712121015255
0.6816939890710383,0.30966085317041747,7.100591068152868
0.6830601092896175,0.30815353462582207,7.044038996451628
0.6844262295081968,0.3073723903408095,6.988049115268161
0.6857923497267759,0.30438129333228064,6.932614728341281
0.6871584699453552,0.30359196884508605,6.877729232296063
0.6885245901639344,0.3028009906135025,6.823386115174788
0.6898907103825137,0.30423175129110847,6.76957895499134
0.6912568306010928,0.30344252018030904,6.7163014183155445
0.6926229508196721,0.3026516376775277,6.663547258878853
0.6939890710382514,0.3026016740117897,6.611310316205999
0.6953551912568307,0.30180916166644134,6.559584514270991
0.6967213114754097,0.3010149751979473,6.5083638601770515
0.698087431693989,0.30096498973620844,6.457642442858199
0.6994535519125683,0.3001691522473683,6.407414431805799
0.7008196721311476,0.2978709982392726,6.357674075814652
0.7021857923497267,0.2993216143510857,6.308415701754419
0.703551912568306,0.2970185058222492,6.259633713358501
0.7049180327868853,0.2962140172338069,6.211322590038119
0.7062841530054645,0.29616425438917804,6.163476885712873
0.7076502732240436,0.2953580442911698,6.116091227665308
0.7090163934426229,0.2953082342761656,6.069160315411975
0.7103825136612022,0.29450029143233053,6.02267891959715
0.7117486338797815,0.2936905623028918,5.976641880902577
0.7131147540983606,0.29287903338282495,5.9310441089781385
0.7144808743169399,0.2920656909820786,5.885880581389796
0.7158469945355191,0.29125052122214645,5.841146342586226
0.7172131147540984,0.28966414838958565,5.796836502882255
0.7185792349726775,0.2888433644326553,5.752946237460674
0.7199453551912568,0.2872454021468868,5.709470785390012
0.7213114754098361,0.28641886707122427,5.666405448659596
0.7226775956284154,0.2855904001668631,5.623745591231206
0.7240437158469945,0.28632032627481935,5.581486638106012
0.7254098360655737,0.2854919598128472,5.539624074408213
0.726775956284153,0.283878533057013,5.4981534444833065
0.7281420765027323,0.2838293743114237,5.457070351011515
0.7295081967213114,0.28299512355772566,5.416370454137489
0.7308743169398907,0.282158879275268,5.376049470612793
0.73224043715847,0.2821097447370431,5.336103172953654
0.7336065573770493,0.2812715455373337,5.296527388612893
0.7349726775956283,0.2812223837096795,5.257317999165452
0.7363387978142076,0.28038221498507293,5.218470939507134
0.7377049180327869,0.27954000448795446,5.179982197067255
0.739071038251366,0.27869573504946643,5.141847811034644
0.7404371584699453,0.27784938924458485,5.104063871594723
0.7418032786885246,0.2770009493869108,5.066626519181492
0.7431693989071039,0.27775128280425865,5.029531943739902
0.7445355191256829,0.27610150608919426,4.992776384002192
0.7459016393442622,0.2752488859958261,4.956356126774252
0.7472677595628415,0.27680465446278685,4.920267506235116
0.7486338797814208,0.2759543485758502,4.88450690324725
0.7499999999999999,0.2751019161753472,4.849070744678123
0.7513661202185792,0.2750527658845088,4.813955502733482
0.7527322404371585,0.27176808716551576,4.7791576943003795
0.7540983606557378,0.27334157639906126,4.744673880302037
0.7554644808743168,0.2724827183786682,4.710500665062375
0.7568306010928961,0.2716216591460685,4.676634695680955
0.7581967213114754,0.27075837905562333,4.643072661418665
0.7595628415300547,0.2707094798631145,4.609811293092353
0.7609289617486338,0.26984402807036717,4.576847362480028
0.7622950819672131,0.2689763161682036,4.5441776817352855
0.7636612021857924,0.2681063235731345,4.51179910281083
0.7650273224043717,0.26557931359123627,4.479708516891736
0.7663934426229507,0.2663594123222214,4.447902853837974
0.76775956284153,0.2663107912226127,4.416379081634685
0.7691256830601093,0.2654339040358266,4.385134205852634
0.7704918032786886,0.264554651468676,4.35416526911652
0.7718579234972677,0.2619988799464433,4.323469350581459
0.773224043715847,0.261109780777432,4.2930435654185946
0.7745901639344263,0.2627405667972126,4.26288506430769
0.7759562841530055,0.26185416150315866,4.232991032939525
0.7773224043715846,0.26096530046029404,4.203358691524007
0.7786885245901639,0.26007395986932574,4.173985294307802
0.7800546448087432,0.2591801155306587,4.14486812909792
0.7814207650273225,0.2591319675908288,4.116004516794898
0.7827868852459016,0.25823567797373465,4.087391810931111
0.7841530054644809,0.2573368360274097,4.059027397217587
0.7855191256830601,0.2572887811108961,4.030908693097469
0.7868852459016394,0.2563874468741323,4.003033147306735
0.7882513661202185,0.2554835100404398,3.9753982394416045
0.7896174863387978,0.2545769442792704,3.9480014795319605
0.7909836065573771,0.25452907578072875,3.9208404076228365
0.7923497267759562,0.2510186443659512,3.8939125933611916
0.7937158469945355,0.2527081289712724,3.8672156355893503
0.7950819672131147,0.2517936050031682,3.840747161945327
0.796448087431694,0.2508763431844596,3.8145048284679772
0.7978142076502731,0.2499563147793535,3.788486319209737
0.7991803278688524,0.24990883063326255,3.7626893458542345
0.8005464480874317,0.24634192611227246,3.7371116473404813
0.801912568306011,0.2454074171129755,3.7117509894917604
0.8032786885245901,0.24713213868940723,3.6866051646516893
0.8046448087431693,0.2462008443085095,3.6616719913244333
0.8060109289617486,0.24526663278106417,3.6369493138212103
0.8073770491803279,0.2452195641662527,3.6124350019119165
0.808743169398907,0.24159307376033143,3.5881269504819957
0.8101092896174863,0.24334246393861958,3.5640230791944485
0.8114754098360656,0.24239940960013176,3.5401213321572422
0.8128415300546449,0.2396446430025911,3.5164196775953975
0.814207650273224,0.24140658069831736,3.4929161075283366
0.8155737704918032,0.24045750225621781,3.4696086374515978
0.8169398907103825,0.23768394793868916,3.4464953060238614
0.8183060109289618,0.23945872562137338,3.423574174758433
0.8196721311475409,0.23850348744121533,3.400843327719386
0.8210382513661202,0.2384569463203432,3.3783008712219584
0.8224043715846995,0.23749863090671916,3.3559449335379146
0.8237704918032788,0.23745213244160748,3.3337736646049985
0.8251366120218578,0.2364907053034243,3.311785235740668
0.8265027322404371,0.23644425139567163,3.289977839360073
0.8278688524590164,0.23547967733275962,3.268349688698623
0.8292349726775957,0.23543326989632415,3.2468990175380057
0.8306010928961748,0.23446551297980373,3.2256240799367744
0.8319672131147541,0.2334944199463072,3.2045231499643907
0.8333333333333334,0.23344817749317856,3.1835945214398946
0.8346994535519127,0.23247382587676974,3.162836507673963
0.8360655737704917,0.2324276353642187,3.1422474412145127
0.837431693989071,0.23144998691212004,3.1218256735964656
0.8387978142076503,0.23140385030538232,3.101569575095072
0.8401639344262294,0.231357648149144,3.081477534482896
0.8415300546448087,0.23037678522787206,3.0615479587899403
0.842896174863388,0.23033063930637793,3.041779273067822
0.8442622950819673,0.2302844282282108,3.022169920156958
0.8456284153005463,0.2302381520361024,3.002718360457318
0.8469945355191256,0.22925416202511634,2.9834230717025187
0.8483606557377049,0.229207944761913,2.9642825487369255
0.8497267759562842,0.22916166277788405,2.945295303296503
0.8510928961748633,0.22817438681735489,2.9264598637920503
0.8524590163934426,0.2281281661214231,2.9077747750963554
0.8538251366120219,0.2271374386102905,2.8892385983339524
0.8551912568306012,0.22423467340826433,2.870849910673716
0.8565573770491802,0.22609705965001517,2.852607305125188
0.8579234972677595,0.2250991698394276,2.834509390336797
0.8592896174863388,0.22505320852037353,2.8165547903978747
0.8606557377049181,0.22500718388722976,2.798742144642847
0.8620218579234972,0.22400584285184094,2.7810701074586786
0.8633879781420765,0.22203744965515512,2.7635373480945957
0.8647540983606558,0.22391386960741794,2.7461425504749073
0.866120218579235,0.22386778864905793,2.728884413014314
0.8674863387978141,0.22382164485620842,2.711761648435694
0.8688524590163934,0.22377543827111768,2.694772983590882
0.8702185792349727,0.22277100963410132,2.677917159283273
0.871584699453552,0.22272487601647906,2.6611929300937924
0.8729508196721311,0.22267868000192845,2.644599064208469
0.8743169398907104,0.22263242163264507,2.6281343432490654
0.8756830601092896,0.22162460141936682,2.611797562105759
0.8770491803278689,0.21964319906404747,2.5955875287722057
0.878415300546448,0.2215321742746619,2.57950306418294
0.8797814207650273,0.2214858678057182,2.5635430020530365
0.8811475409836066,0.21853207137543465,2.547706188720015
0.8825136612021859,0.22042838901344797,2.5319914829879573
0.883879781420765,0.21941338241155017,2.516397755973765
0.8852459016393442,0.21936723528700142,2.500923890955489
0.8866120218579235,0.2193210269955184,2.485568783222722
0.8879781420765026,0.2183023591842557,2.4703313399294027
0.8893442622950819,0.21825623414256545,2.455210479948237
0.8907103825136612,0.21723371212081272,2.4402051337271238
0.8920765027322405,0.21522213277501825,2.425314243148176
0.8934426229508196,0.2171415724663109,2.410536761387654
0.8948087431693988,0.21709541205825197,2.395871652778719
0.8961748633879781,0.2160692802585125,2.3813178926756384
0.8975409836065574,0.2140503521632536,2.3668744673199513
0.8989071038251365,0.21597707611339081,2.3525403737083788
0.9002732240437158,0.21593088411856987,2.338314619462686
0.9016393442622952,0.2149010980398291,2.3241962227011634
0.9030054644808744,0.21287472465082127,2.310184211911803
0.9043715846994534,0.21480883700352388,2.2962776258276714
0.9057377049180328,0.21476261722192477,2.2824755133030843
0.907103825136612,0.21372913120370582,2.268776933192397
0.9084699453551912,0.21169521351529874,2.2551809542298877
0.9098360655737704,0.21363682091726371,2.2416866549112155
0.9112021857923496,0.21259943225240183,2.228293123376844
0.912568306010929,0.21255334435372966,2.214999457296828
0.9139344262295084,0.2125071977560261,2.2018047637568747
0.9153005464480872,0.2114658535755632,2.1887081591467226
0.9166666666666666,0.21141980639776234,2.1757087690488492
0.918032786885246,0.21037429247950978,2.1628057281297552
0.9193989071038252,0.21032834701155043,2.1499981800323145
0.9207650273224044,0.2102823436009562,2.1372852772690196
0.9221311475409836,0.21023628228884908,2.124666181117574
0.9234972677595628,0.210190163116376,2.11214006151736
0.9248633879781422,0.20914090647799088,2.099706096967023
0.9262295081967212,0.2090948924006133,2.087363474424186
0.9275956284153004,0.20702897812284524,2.0751113892057305
0.9289617486338798,0.20900269190337548,2.0629490448897316
0.9303278688524592,0.2089565055656414,2.0508756532187764
0.9316939890710382,0.20790345958710393,2.0388904340042826
0.9330601092896176,0.2078573817531082,2.0269926150324498
0.9344262295081968,0.20781124693936753,2.0151814319708805
0.935792349726776,0.2067540270206509,2.0034561282770222
0.9371584699453552,0.20670800342596438,1.9918159551075416
0.9385245901639344,0.20666192325120625,1.980260171228785
0.9398907103825136,0.20560046940240578,1.9687880429286089
0.9412568306010928,0.20555450318511398,1.9573988439290917
0.942622950819672,0.20550848078779482,1.9460918553007756
0.9439890710382514,0.20444273142979233,1.9348663653777152
0.9453551912568308,0.20439682575200668,1.923721669673669
0.9467213114754096,0.2043508642946127,1.9126570707994648
0.948087431693989,0.2032807562026901,1.9016718783813358
0.9494535519125684,0.2032349142511298,1.8907654089805397
0.9508196721311476,0.20318901692076125,1.8799369860135706
0.9521857923497268,0.2031430642520291,1.8691859396739439
0.953551912568306,0.20206871015222713,1.858511606854455
0.9549180327868853,0.20202288016120204,1.847913331070933
0.9562841530054644,0.20197699523285914,1.8373904623866433
0.9576502732240436,0.201931055407525,1.8269423573376218
0.9590163934426228,0.20085239379630832,1.8165683788593294
0.9603825136612022,0.20080657984690614,1.806267896213783
0.9617486338797816,0.19972318139993564,1.7960402849180417
0.9631147540983606,0.19863478637353524,1.7858849266731818
0.96448087431694,0.1985892855193948,1.775801209294681
0.9658469945355193,0.19749599936690002,1.7657885266430697
0.9672131147540984,0.19639755406510528,1.7558462785560256
0.9685792349726776,0.19635237510707243,1.745973870781027
0.9699453551912568,0.19311494421738248,1.7361707149089145
0.971311475409836,0.19520383474533612,1.7264362283082808
0.9726775956284154,0.19409519765622427,1.7167698340608344
0.9740437158469945,0.19405029717045774,1.7071709608972976
0.9754098360655736,0.1940053442916222,1.6976390431343003
0.976775956284153,0.19073639698442502,1.6881735206121105
0.9781420765027324,0.19284686962574185,1.6787738386330184
0.9795081967213114,0.18956140765960697,1.669439447900518
0.9808743169398908,0.19168323107391524,1.6601698044593283
0.98224043715847,0.19055885423247318,1.6509643696359857
0.9836065573770492,0.19051434022050465,1.6418226099805586
0.9849726775956285,0.1893844682586298,1.6327439972085214
0.9863387978142076,0.18934010600742707,1.6237280081437904
0.9877049180327868,0.18820464232768502,1.6147741246624174
0.989071038251366,0.18484943527916065,1.6058818336368017
0.9904371584699452,0.18701927973441215,1.597050626880669
0.9918032786885246,0.18364602734999835,1.5882800010948768
0.993169398907104,0.18582828078949343,1.5795694578135895
0.9945355191256828,0.1824366499879056,1.57091850335143
0.9959016393442622,0.18463154269352886,1.5623266487511438
0.9972677595628416,0.1812211900437194,1.553793409731822
0.9986338797814208,0.18342895940415455,1.5453183066378735
1.0,0.1822637647209169,1.5369008643886628
1.001366120218579,0.1822204214958075,1.528540612428658
1.0027322404371586,0.182177029581808,1.520237084678133
1.0040983606557377,0.18100581601163193,1.5119898194847639
1.0054644808743167,0.18096259611706852,1.5037983595754711
1.0068306010928962,0.17978502630698528,1.4956622520089837
1.0081967213114753,0.17974198147582485,1.4875810481291725
1.0095628415300548,0.17969888874473774,1.4795543035185053
1.010928961748634,0.17851506520110985,1.471581577952564
1.012295081967213,0.17847215099574762,1.46366243535481
1.0136612021857925,0.1772817228088616,1.4557964437518947
1.0150273224043715,0.1772389902574416,1.4479831752296561
1.0163934426229506,0.17604182560254958,1.4402222058896068
1.01775956284153,0.17599927787689507,1.4325131158058344
1.0191256830601092,0.17595668342302204,1.4248554889825518
1.0204918032786887,0.17591404227718727,1.4172489133121025
1.0218579234972678,0.17587135447566193,1.4096929805334157
1.0232240437158469,0.17582862005473002,1.4021872861911844
1.0245901639344264,0.1757858390506889,1.3947314295951156
1.0259562841530054,0.17458297894470332,1.3873250137801314
1.0273224043715845,0.17454038788358592,1.3799676454667584
1.028688524590164,0.1744977506550935,1.3726589350220073
1.030054644808743,0.17445506729533553,1.3653984964209245
1.0314207650273226,0.17441233784043406,1.3581859472082254
1.0327868852459017,0.1743695623265234,1.3510209084608775
1.0341530054644807,0.17316066254681503,1.3439030047506269
1.0355191256830605,0.17311808176584528,1.336831864107306
1.036885245901639,0.1730754553417088,1.3298071179824904
1.0382513661202184,0.173032783310347,1.3228284012135163
1.039617486338798,0.17299006570771328,1.3158953519880014
1.040983606557377,0.1729473025697724,1.3090076118087364
1.042349726775956,0.17290449393250093,1.3021648254589793
1.0437158469945356,0.17286163983188707,1.2953666409682536
1.0450819672131146,0.17281874030393032,1.2886127095784596
1.0464480874316942,0.17277579538464127,1.281902685710353
1.0478142076502732,0.1703825894070273,1.2752362269305015
1.0491803278688523,0.170340139358719,1.2686129939186093
1.0505464480874318,0.1702976446433045,1.2620326504352228
1.0519125683060109,0.1702551052963479,1.2554948632896883
1.05327868852459,0.17021252135342418,1.248999302308718
1.0546448087431697,0.17016989285011838,1.2425456403051127
1.0560109289617483,0.17012721982202625,1.2361335530469952
1.057377049180328,0.17008450230475358,1.2297627192272647
1.0587431693989071,0.17238725444830755,1.223432820433536
1.0601092896174862,0.17350443540945665,1.2171435411183218
1.0614754098360657,0.17346070102436162,1.2108945685696415
1.0628415300546448,0.17341692137814912,1.204685592881951
1.0642076502732238,0.17452508988795368,1.1985163069272153
1.0655737704918034,0.1744809283300706,1.1923864063268053
1.0669398907103824,0.17443672132025514,1.1862955894230907
1.068306010928962,0.1755360383213495,1.1802435572518422
1.069672131147541,0.17549145003714928,1.1742300135147434
1.07103825136612,0.17544681611370183,1.1682546645521934
1.0724043715846996,0.17653743734999136,1.162317219316561
1.0737704918032789,0.17649242277303745,1.1564173893456098
1.0751366120218575,0.17644736237296912,1.1505548887362853
1.0765027322404372,0.1775294386220102,1.144729434118822
1.0778688524590163,0.17748399817361207,1.1389407446310822
1.0792349726775958,0.17743851172162714,1.1331885418931724
1.080601092896175,0.1785121890138293,1.127472549982555
1.081967213114754,0.17957827356940348,1.1217924954091172
1.0833333333333337,0.17953207541911234,1.1161481070907666
1.0846994535519126,0.18059036945329637,1.1105391163292364
1.0860655737704916,0.18054379360977382,1.1049652567860953
1.0874316939890711,0.18159442847387391,1.0994262644591417
1.0887978142076502,0.18263786071678947,1.0939218776589852
1.0901639344262293,0.18259057879753404,1.088451836985913
1.0915300546448088,0.1836266020289142,1.0830158853069984
1.092896174863388,0.18140633638840598,1.0776137677335196
1.0942622950819674,0.18460767908072534,1.0722452315985715
1.0956284153005464,0.18455964724211152,1.0669100264349831
1.0969945355191255,0.185581209152363,1.0616079039534139
1.098360655737705,0.18659603731404698,1.0563386180207388
1.099726775956284,0.18760423988396693,1.051101924638749
1.1010928961748632,0.18860592200385273,1.0458975819228427
1.102459016393443,0.1896011859169826,1.0407253500812952
1.1038251366120218,0.19059013107906242,1.035584991394483
1.1051912568306013,0.1915728542637047,1.0304762701944723
1.1065573770491803,0.19254944966282747,1.0253989528447962
1.1079234972677594,0.19453586902767925,1.0203528077204655
1.109289617486339,0.1954949380536134,1.0153376051881802
1.110655737704918,0.19644823119452517,1.0103531175868141
1.112021857923497,0.1983902748279464,1.0053991192079943
1.1133879781420766,0.19932704052830885,1.0004753862771076
1.1147540983606556,0.20025834795976055,0.9955816969342312
1.1161202185792352,0.2021585355931254,0.9907178312155747
1.1174863387978142,0.2030742189523151,0.9858835710348813
1.1188524590163933,0.20494466533862835,0.9810787001651379
1.1202185792349728,0.2067961382067891,0.9763030042205265
1.121584699453552,0.20862914070557,0.9715562706384594
1.122950819672131,0.205735634741757,0.9668382886619562
1.1243169398907105,0.21131683163351186,0.9621488493220453
1.1256830601092895,0.21310544174262896,0.9574877454204974
1.127049180327869,0.2148771759913427,0.952854771512687
1.128415300546448,0.21207125263549262,0.9482497238906334
1.1297814207650272,0.21837164855849225,0.943672400566222
1.1311475409836067,0.21561210152888402,0.9391226012546992
1.1325136612021858,0.22268178060599392,0.9346001273581831
1.1338797814207648,0.2243678939965549,0.9301047819494788
1.1352459016393444,0.22603952924449897,0.9256363697560501
1.1366120218579234,0.22855140422543097,0.9211946971441067
1.1379781420765025,0.23103319561443283,0.9167795721029433
1.139344262295082,0.22671671100779853,0.9123908042293551
1.140710382513661,0.22921644627718513,0.9080282047123196
1.1420765027322406,0.23168643987832022,0.9036915863177559
1.1434426229508197,0.24067791902817098,0.8993807633735356
1.1448087431693987,0.24302268039438585,0.89509555175454
1.1461748633879782,0.24613256021154425,0.8908357688679887
1.147540983606557,0.2492001945522988,0.8866012336388851
1.1489071038251364,0.2529949380912444,0.8823917664955424
1.150273224043716,0.2559732276041382,0.8782071893554432
1.151639344262295,0.25966116852019955,0.8740473256110276
1.1530054644808745,0.2625568983172018,0.8699120001158404
1.1543715846994536,0.26614596381234623,0.8658010391706198
1.1557377049180326,0.2689650859631249,0.8617142705097838
1.157103825136612,0.263810442045632,0.857651523287767
1.1584699453551912,0.27661059216834366,0.8536126280657732
1.1598360655737705,0.2806930343893695,0.8495974167985021
1.1612021857923498,0.27435574330393453,0.845605722821054
1.1625683060109289,0.2880023538086516,0.8416373808359835
1.1639344262295084,0.28183201941894037,0.8376922269005166
1.1653005464480874,0.2951146133124898,0.8337700984138625
1.1666666666666663,0.28909860360478606,0.8298708341046622
1.168032786885246,0.3033154741240722,0.8259942740185355
1.169398907103825,0.3076397982811701,0.8221402595059013
1.1707650273224042,0.311899322084699,0.8183086332097457
1.1721311475409837,0.3049586224591868,0.8144992390535979
1.1734972677595628,0.315400253691244,0.8107119222296788
1.1748633879781425,0.3177377462191875,0.8069465291870893
1.1762295081967211,0.32244394063417053,0.8032029076201697
1.1775956284153004,0.32116204226599426,0.7994809064569468
1.17896174863388,0.3396328371408449,0.7957803758477637
1.180327868852459,0.34513168525261834,0.7921011671539578
1.181693989071038,0.35053809656977347,0.7884431329366807
1.1830601092896176,0.35585627888471394,0.7848061269458719
1.1844262295081966,0.36109012533728,0.7811900041092901
1.1857923497267762,0.3662432464484296,0.777594620521661
1.1871584699453552,0.3718329346522876,0.7740198334340115
1.1885245901639343,0.3778389539362818,0.7704655012430147
1.1898907103825138,0.3680122910329307,0.7669314834805135
1.1912568306010929,0.3885731750793275,0.7634176408031157
1.192622950819672,0.39430495844184216,0.7599238349819327
1.1939890710382517,0.38490517415158243,0.7564499288923644
1.1953551912568303,0.390685942021218,0.7529957865040714
1.1967213114754096,0.3958956350086121,0.7495612728709448
1.1980874316939891,0.40480615349563415,0.7461462541212931
